{
    "accuracy": 0.9509536784741145,
    "precision": 0.8923076923076924,
    "recall": 0.7435897435897436,
    "auc": 0.9344424094424095
}